ticker,name,sector,price_12,price_11,price_10,price_9,price_8,price_7,price_6,price_5,price_4,price_3,price_2,price_1,current_price
HDFCBANK,HDFC Bank,Banking,1580.20,1620.40,1560.80,1610.30,1650.70,1690.20,1640.50,1700.80,1730.40,1770.60,1740.20,1790.30,1790.30
ICICIBANK,ICICI Bank,Banking,1020.40,1050.60,1000.20,1040.80,1070.30,1100.60,1060.40,1110.20,1130.80,1160.40,1140.20,1180.50,1180.50
SBIN,State Bank of India,Banking,620.40,640.60,610.20,635.80,650.30,668.60,645.40,675.20,688.80,702.40,690.20,715.50,715.50
KOTAKBANK,Kotak Mahindra Bank,Banking,1740.40,1780.60,1720.20,1770.80,1810.30,1850.60,1800.40,1860.20,1890.80,1930.40,1900.20,1950.50,1950.50
AXISBANK,Axis Bank,Banking,1080.40,1110.60,1060.20,1100.80,1130.30,1160.60,1120.40,1170.20,1190.80,1220.40,1200.20,1240.50,1240.50
INDUSINDBK,IndusInd Bank,Banking,1420.20,1460.60,1400.80,1450.40,1490.70,1530.20,1480.60,1520.30,1560.80,1600.40,1580.20,1620.50,1620.50
BANDHANBNK,Bandhan Bank,Banking,220.20,226.60,216.80,224.40,230.70,236.20,228.60,234.30,240.80,246.40,242.20,250.50,250.50
IDFCFIRSTB,IDFC First Bank,Banking,68.40,70.60,66.20,69.80,72.30,74.60,71.40,73.20,75.80,78.40,76.20,80.50,80.50
FEDERALBNK,Federal Bank,Banking,148.20,152.60,145.80,151.40,155.70,160.20,154.60,158.30,162.80,166.40,163.20,170.50,170.50
PNB,Punjab National Bank,Banking,98.40,101.60,96.20,100.80,104.30,107.60,103.40,106.20,109.80,113.40,110.20,115.50,115.50
AUBANK,AU Small Finance Bank,Banking,620.20,636.60,612.80,632.40,648.70,664.20,644.60,660.30,676.80,692.40,682.20,702.50,702.50
BANKBARODA,Bank of Baroda,Banking,238.40,244.60,234.20,242.80,248.30,254.60,246.40,252.20,258.80,264.40,260.20,270.50,270.50
